full name,first_name,last_name,AccountName
Jedediah Michelotti,Jedediah,Michelotti,jedmic1,=gs73D)#Sq5D
Langsdon Yewen,Langsdon,Yewen,lanyew53,e1U))xV98L(o
Francisca Files,Francisca,Files,frafil71,%V!UuvU3b(69
Milt Glamart,Milt,Glamart,milgla93,FP4o&z%#L48g
Tandy Renals,Tandy,Renals,tanren16,(cA%/h5SZ7o6
Gerhardt Nevison,Gerhardt,Nevison,gernev82,F5r/8tB9&z!Z
Renata Annis,Renata,Annis,renann14,H)!Gwf/0k3O4
Kirsti Plessing,Kirsti,Plessing,kirple47,(!Ku4H1Ei5m/
Bill Losel,Bill,Losel,billos58,a948%G!jG(kY
Celeste Szymanski,Celeste,Szymanski,celszy0,fl08!&T5MeQ!
Temple Gask,Temple,Gask,temgas34,)!wo/14A2NOs
Karoline Barkly,Karoline,Barkly,karbar20,#0&7bJf%lQI8
Wilmette Corfield,Wilmette,Corfield,wilcor20,dH&/av(Z1D06
Xavier Nixon,Xavier,Nixon,xavnix86,H&H0Q4(sz8#x
Fiorenze Enderson,Fiorenze,Enderson,fioend3,wS0%6wHf!!B1
Krispin Lemmon,Krispin,Lemmon,krilem71,7uMf#UT7%8c#
Wynn Pfeffel,Wynn,Pfeffel,wynpfe82,69%!Tu4chH%L
Dione Gallelli,Dione,Gallelli,diogal80,f6=O=wqJ7E6=
Derby Brocking,Derby,Brocking,derbro94,#u0(%65XHtJf
Miguel Munks,Miguel,Munks,migmun52,ry9Y)=L0P3x!
Solly Stevens,Solly,Stevens,solste68,A4k/ZY&&4m2k
Margret Ilett,Margret,Ilett,marile7,4O)3!1zb/RtC
Dwight Fudge,Dwight,Fudge,dwifud44,mTCr2((R)39p
Tabbie Garrett,Tabbie,Garrett,tabgar36,8&Mpd4==Yc4Y
Heddi Digman,Heddi,Digman,heddig60,p1a!0M7C!bW%
Nathanil Kiddey,Nathanil,Kiddey,natkid8,23M#/&Xj8Wcf
Shurwood Gush,Shurwood,Gush,shugus95,U&(M2o%ea76H
Morlee Simpole,Morlee,Simpole,morsim19,6lpI/&7vL2)C
Loella Fedoronko,Loella,Fedoronko,loefed24,7tG/WGh9#u6)
Sashenka Poppleton,Sashenka,Poppleton,saspop37,fE&2#kK8Iv=9
Kim Mayhou,Kim,Mayhou,kimmay93,ITw&8=1&x5Js
Becki Wolfarth,Becki,Wolfarth,becwol80,gH%&DY3a%e12
Vivianna Worsfold,Vivianna,Worsfold,vivwor74,BFy=g)o06%L5
Beverlie Merritt,Beverlie,Merritt,bevmer15,1WPb&/q6H)3g
Noam Chatenier,Noam,Chatenier,noacha21,c6#&EZ42oaH)
Christoffer Foucar,Christoffer,Foucar,chrfou30,#EyT0m0c/9G&
Claus Hambric,Claus,Hambric,claham59,y3W33&!Br#Ub
Martyn Piller,Martyn,Piller,marpil28,Q&Fv&1mTa78/
Magdaia Carnie,Magdaia,Carnie,magcar75,)2)sGL4w(9aG
Teddi Howsden,Teddi,Howsden,tedhow8,DX1i%7Q6im!(
Nickie Saurin,Nickie,Saurin,nicsau71,T5v)17)%fGnR
Inge Lathey,Inge,Lathey,inglat65,3K6(%O=z6mZg
Zena Giacaponi,Zena,Giacaponi,zengia55,y(/109JmxR&O
Johnnie Condit,Johnnie,Condit,johcon70,AY957(#Pnz/y
Myrna Meneur,Myrna,Meneur,myrmen89,H=)3Uz&w8gW8
Leticia Simoens,Leticia,Simoens,letsim19,h=wSMg=P08(5
Leslie Wildgoose,Leslie,Wildgoose,leswil40,c(&g6O=a9LH7
Mordy Daymond,Mordy,Daymond,morday15,8!fGx&F(b3O0
Edd Stevani,Edd,Stevani,eddste69,MsC0%Va6=!z6
Gerianne Arnaudot,Gerianne,Arnaudot,gerarn92,4k3Khu%C#A%1
Ringo Groneway,Ringo,Groneway,ringro81,f4jY%/!O20cR
Jerome McGaugie,Jerome,McGaugie,jermcg16,yHg7&&2v1Y&X
Abraham Toolin,Abraham,Toolin,abrtoo74,&)xQCJ8w4r!8
Karyl Gullis,Karyl,Gullis,kargul85,(KGI2%i6=q3j
Leslie Rusling,Leslie,Rusling,lesrus32,/iH7=6y5%IjE
Sarena Deluze,Sarena,Deluze,sardel30,))02Q!fn2YJe
Nikoletta Pargent,Nikoletta,Pargent,nikpar8,#a44QVd))H3b
Janaye Scurlock,Janaye,Scurlock,janscu67,u%))E48Zz2Oz
Arlie Brandsma,Arlie,Brandsma,arlbra77,h&a%K3)5LYm7
Jessa Olivi,Jessa,Olivi,jesoli95,i31!nd8(R=KK
Alasdair Diffley,Alasdair,Diffley,aladif13,R8)Bhe/9u)3K
Eada Forde,Eada,Forde,eadfor56,!7t/7AQd&7jL
Lorita Buckle,Lorita,Buckle,lorbuc96,/44!EycH)v4U
Glen Ketteridge,Glen,Ketteridge,gleket77,(Z/3P2%Vrm8n
Elsa Hurt,Elsa,Hurt,elshur81,5FdYOm!3y4&=
Eula Petrillo,Eula,Petrillo,eulpet88,Tjh3w=Y(%Y59
Vicky Nozzolinii,Vicky,Nozzolinii,vicnoz54,65DRU/))7ofe
Klarrisa Pascoe,Klarrisa,Pascoe,klapas95,/3CGY%z13wd=
Katine Gooly,Katine,Gooly,katgoo13,MifL(%M#814r
Worden Scroggins,Worden,Scroggins,worscr31,!P2//0oBywE1
Evelin Whitton,Evelin,Whitton,evewhi67,t9P/P#)1o0uW
Ronny Lathwood,Ronny,Lathwood,ronlat56,ln(2&JORp0%1
Ralina Hopfer,Ralina,Hopfer,ralhop0,86u/m!LVv)B2
Diane Shergill,Diane,Shergill,diashe2,q%dDA5#8h#7T
Amelina Kippins,Amelina,Kippins,amekip89,s!0#)F4bTC6o
Miriam Britzius,Miriam,Britzius,mirbri88,m7#C(/5SldC0
Rosemary Slader,Rosemary,Slader,rossla71,6P8szMd)J))3
Rhianon Decaze,Rhianon,Decaze,rhidec12,oH9(0Q%(jcP2
Janelle Andrzejak,Janelle,Andrzejak,janand96,(/dJ3/KnXy28
Lindsay Brandenberg,Lindsay,Brandenberg,linbra6,fX#v3!Y6)h0U
Ethelred Scimonelli,Ethelred,Scimonelli,ethsci72,4M0(aR0#c)Et
Jaquenetta Winstanley,Jaquenetta,Winstanley,jaqwin20,4&)uVH0!3Ttt
Kippie Hulls,Kippie,Hulls,kiphul5,!%5f9s%G4lLK
Aurthur Bridat,Aurthur,Bridat,aurbri29,5#qx#)5n8FIV
Xever Smithson,Xever,Smithson,xevsmi82,%w)TZBt1a0/5
Kelvin Steven,Kelvin,Steven,kelste84,k!fU82j!E#M1
Selinda Blaksland,Selinda,Blaksland,selbla40,D7MR/y2k&1&r
Elihu Eakeley,Elihu,Eakeley,elieak40,jk0Fb#MF2#8/
Paddie Downer,Paddie,Downer,paddow44,(JwlR#56&kR1
Gipsy Ringham,Gipsy,Ringham,giprin28,cVr/23#G)Yp6
Moe Wiper,Moe,Wiper,moewip44,bK8=#j(aX54T
Deana Hedditch,Deana,Hedditch,deahed99,V!#9Aj&Txi95
Claybourne O'Kennedy,Claybourne,O'Kennedy,clao'k63,cDiD&&i2J5(9
Malinda Flowith,Malinda,Flowith,malflo58,2zgrZ&7E0V/!
Stephen Baldung,Stephen,Baldung,stebal62,3mHEg0/O!2r%
Dennie Baggalley,Dennie,Baggalley,denbag49,Rce(EEb3)=95
Danny Brittlebank,Danny,Brittlebank,danbri88,F7c(eK7%Wm(2
Kayla Ryles,Kayla,Ryles,kayryl7,Iiz6D/R)5!k3
Rahel Covington,Rahel,Covington,rahcov11,r5!4Q(AIo9)o
Fidela Cornewall,Fidela,Cornewall,fidcor18,dX(#Gt0aM(48
Bryna Senior,Bryna,Senior,brysen89,T(q/Wt1G/77k
Marcellus Mingaud,Marcellus,Mingaud,marmin84,l=SBg211(mA/
Griswold Gowanson,Griswold,Gowanson,grigow0,(s=V8b2%Uk1R
Vivi Jickells,Vivi,Jickells,vivjic81,=gN393b#DL#a
Bethany Mosco,Bethany,Mosco,betmos28,7rwx%/I33!IZ
Lavina Scawton,Lavina,Scawton,lavsca20,%v0B3w(iS#U4
Locke Ackred,Locke,Ackred,locack30,rY3)7LJ)%j1z
Jaynell Milner,Jaynell,Milner,jaymil40,OLg7=)2i6&Ja
Kizzee Fellnee,Kizzee,Fellnee,kizfel39,P7=bR68R%vw!
Elizabet Pentycross,Elizabet,Pentycross,elipen10,%v)C5eJn3=V6
Jacenta Stairs,Jacenta,Stairs,jacsta16,8r)4mr(!E5OL
Pavlov Coronas,Pavlov,Coronas,pavcor68,i//VV4eC4=4q
Easter Bearcock,Easter,Bearcock,easbea30,%=PugQD#a584
Klara Atwell,Klara,Atwell,klaatw20,)p%f12SP&Pk1
Michele Hazell,Michele,Hazell,michaz46,Z=/09I!U4knx
Scarlet Osbaldeston,Scarlet,Osbaldeston,scaosb67,/Bol01e7UB%)
Cammy Swatten,Cammy,Swatten,camswa99,h//zUsQ5P03#
Arnaldo Shadrack,Arnaldo,Shadrack,arnsha90,R7#8b4W%q&mX
Eugenia Sparham,Eugenia,Sparham,eugspa91,k&##87UEp2dQ
Phaidra Reinhardt,Phaidra,Reinhardt,pharei12,a)Z5%(M5Ugw5
Cacilie Hallowes,Cacilie,Hallowes,cachal76,Zzi8Y#P0=4x(
Joy Budnik,Joy,Budnik,joybud84,p8pr8OT1%O!/
Maximilian Dodle,Maximilian,Dodle,maxdod21,4#X/!Xlv67Yy
Devy Troake,Devy,Troake,devtro19,/Mc/UY9uc(57
Morgun Mulrooney,Morgun,Mulrooney,mormul12,=qS88g%BGv3!
Curran Hukins,Curran,Hukins,curhuk98,53Wp==z9Vg%A
Edithe Symcock,Edithe,Symcock,edisym63,Ud#6o0Bh%D2!
Victor Edensor,Victor,Edensor,vicede37,8/2NwZq4#bL&
Johnath Buessen,Johnath,Buessen,johbue72,)Ctd8b)=SL75
Jeff Goldstone,Jeff,Goldstone,jefgol86,0Xq9%KdT/8n!
Lek Kenewell,Lek,Kenewell,lekken93,ZE1i89/n%a(G
Mikey Gadeaux,Mikey,Gadeaux,mikgad54,d6y&(Ct61O(J
Candi Lindgren,Candi,Lindgren,canlin77,rT3r)1FqH/0%
Reggie Hoonahan,Reggie,Hoonahan,reghoo66,O95jo(%0qB%M
Chuck O'Connel,Chuck,O'Connel,chuo'c11,2pa%MW&52l#A
Rikki Kropach,Rikki,Kropach,rikkro44,VRu5Sm)75&%s
Carina Taunton,Carina,Taunton,cartau47,KE%44s(g1/lC
Randie Mourton,Randie,Mourton,ranmou65,(D29G2lPj#/j
Michal Ancketill,Michal,Ancketill,micanc0,#G!LM24k0k(g
Tannie Davidove,Tannie,Davidove,tandav13,6#)a9%7XjLDs
Lydie Belsher,Lydie,Belsher,lydbel45,n0&Mv2y4((KB
Thorpe De Anesy,Thorpe,De Anesy,thode 31,1B4v=!xZ0Ke=
Britt Frammingham,Britt,Frammingham,brifra55,0RH5c(1n(%Jk
Tally Brookzie,Tally,Brookzie,talbro61,r6%6e5%F(QjC
Phil Collins,Phil,Collins,phicol50,u7TJ%nkN(7=9
Karola Bricknell,Karola,Bricknell,karbri10,9(7bx/A0XC(p
Micah Hawkwood,Micah,Hawkwood,michaw85,l/ES&/pBv775
Paulette Kiehne,Paulette,Kiehne,paukie9,x60uK)&5L#Ub
Llywellyn Search,Llywellyn,Search,llysea85,)#b!CXqU647e
Kori Blankhorn,Kori,Blankhorn,korbla63,cUH=%/h4G66t
Lorant O' Reagan,Lorant,O' Reagan,loro' 88,u=5hV#&Y5wQ7
Merv Garwell,Merv,Garwell,mergar68,&L!u6di%O4D7
Deina Jentet,Deina,Jentet,deijen75,/qCs(Kb/43L0
Rosmunda Farryan,Rosmunda,Farryan,rosfar66,RAelW&252q%/
Catharine Sparry,Catharine,Sparry,catspa98,8zT)4F#5hKi(
Ned Backhurst,Ned,Backhurst,nedbac26,1%))KD07ciWn
Ardeen Hedderly,Ardeen,Hedderly,ardhed15,hM56&h3!Z#dF
Aloin Cockitt,Aloin,Cockitt,alococ31,/q8r2JbZ!F0=
Merrill Ackenson,Merrill,Ackenson,merack39,9J%amG)4x#2Y
Winona Howgill,Winona,Howgill,winhow71,gQ!O!k)71i7C
Hy Garrood,Hy,Garrood,hygar10,TsT=1o22(!Sn
Agnese Iskower,Agnese,Iskower,agnisk70,&q%1B41zxRA&
Donall Lindwasser,Donall,Lindwasser,donlin17,ZbBgv3=)62D!
Ado Mazin,Ado,Mazin,adomaz80,vf38%2!B=XkJ
Lindsy Gercke,Lindsy,Gercke,linger11,DR(5&Gz6j&z7
Portie Shevelin,Portie,Shevelin,porshe82,h6=0HmnH##2Z
Kay Voce,Kay,Voce,kayvoc51,Bd&)4I6t3!nS
Skippie Longfut,Skippie,Longfut,skilon97,F1Z1lh&(a#V4
Alyse Moorwood,Alyse,Moorwood,alymoo97,(FaW11u)v7A/
Flossy Macvain,Flossy,Macvain,flomac62,u2hn4KYB)(0!
Estelle Healeas,Estelle,Healeas,esthea87,a2#uEeB4%(A1
Konrad Gutridge,Konrad,Gutridge,kongut40,/5=8(cEnDTa1
Budd Dacca,Budd,Dacca,buddac70,33F%hiZ%Y4=n
Lavinie Kilshaw,Lavinie,Kilshaw,lavkil65,Jpw1(t9Z0Q&)
Natasha Havile,Natasha,Havile,nathav54,1fw/5bV4/N)V
Estele Huish,Estele,Huish,esthui6,(Pz0Qo0M)3!b
Dodi Sutterfield,Dodi,Sutterfield,dodsut81,c1d&B(%y30YB
Anthe Pennick,Anthe,Pennick,antpen50,48#lHs%Uu3!I
Flo Wasmuth,Flo,Wasmuth,flowas6,Y2my#&4zXO=5
Joelynn Dybbe,Joelynn,Dybbe,joedyb72,5H7W(ew4s&)F
Farrand Mateja,Farrand,Mateja,farmat99,lwP3Fe1W%=!5
Ford Felgate,Ford,Felgate,forfel92,9U=65f&xkWH=
Nicolina Sandys,Nicolina,Sandys,nicsan83,kx&S0=87!DPb
Skippy Syrett,Skippy,Syrett,skisyr48,Z)(0=uK2fu5G
Thomasine Gotthard,Thomasine,Gotthard,thogot26,!62trI&L1Go(
Mervin Sember,Mervin,Sember,mersem26,)7Q34=/HJfwv
Chan Cuddy,Chan,Cuddy,chacud97,c0#P&=K9ehP1
Moishe Knoton,Moishe,Knoton,moikno22,F36u/Z%f7Qm=
Myrtia Ricciardello,Myrtia,Ricciardello,myrric87,#rI5Fmz4!T1&
Joletta Duncan,Joletta,Duncan,joldun11,%&E7G4(w0ksD
Letta Atto,Letta,Atto,letatt4,9PtK0e9k)(/O
Kyle Eakins,Kyle,Eakins,kyleak86,Y!RoI)41x)9t
Erskine Ciotto,Erskine,Ciotto,erscio62,%Jg!668OcD(q
Issiah Hambling,Issiah,Hambling,issham18,8gcN&E=g97D%
Albert Adami,Albert,Adami,albada90,0EIb!!B61)pq
Mehetabel Hallor,Mehetabel,Hallor,mehhal47,D608/e=fBfV#
Muriel Bangiard,Muriel,Bangiard,murban29,7ClWXan&9)%1
Nichol Macartney,Nichol,Macartney,nicmac71,z#e3)9kV(T4S
Gabriele Yarrow,Gabriele,Yarrow,gabyar21,b)jk8/C8S6B!
Rourke Wolfe,Rourke,Wolfe,rouwol40,Yh86!%Ls3)Lw
Maria Frushard,Maria,Frushard,marfru5,#q91bi#Q#0MN
Andrew Thalmann,Andrew,Thalmann,andtha45,9%Z3j%x)v0AC
Xerxes Gooderson,Xerxes,Gooderson,xergoo40,n2(Z8/1u)UKp
Ahmad Marlon,Ahmad,Marlon,ahmmar35,%oo17Q%#RPf5
Sylvan Fuster,Sylvan,Fuster,sylfus62,447(KVe)U)tp
Gilli McCaskill,Gilli,McCaskill,gilmcc66,ED8O5l!1)(cz
Linnie Cowie,Linnie,Cowie,lincow61,M6N(&r5Bq1m!
Ode Simcock,Ode,Simcock,odesim2,4geGq3G&!(8S
Lane Justham,Lane,Justham,lanjus85,M0H=loaQ2!)2
Selia Sanderson,Selia,Sanderson,selsan34,i1)#O4=ZG3wz
Talbert Hrinishin,Talbert,Hrinishin,talhri94,%)E3!I6n6oqB
Thomasine Ajean,Thomasine,Ajean,thoaje92,R0!#q(K1h7Rm
Carola Adney,Carola,Adney,caradn16,4qE(!rU2Ny/5
Marketa Stobbs,Marketa,Stobbs,marsto33,%6i17fSJ&r%Q
Lamond Drever,Lamond,Drever,lamdre45,T#xbp5U#B78#
Cobby Gwynne,Cobby,Gwynne,cobgwy29,4#Kpo#8(V5jY
Sioux Lebreton,Sioux,Lebreton,sioleb30,WGg8xY48m==)
Hamel Cella,Hamel,Cella,hamcel11,k=2YS%67b(Hr
Felecia Graveney,Felecia,Graveney,felgra68,5wvE!#/7JY0x
Selle Spyby,Selle,Spyby,selspy73,/&1jaY3FlB=7
Pearl Cuphus,Pearl,Cuphus,peacup55,CMp01!o&Me!1
Justis Galbreath,Justis,Galbreath,jusgal77,k=0f/!7rLM1C
Michaella Skipworth,Michaella,Skipworth,micski64,((d/40ZaCu6C
Tim Chapple,Tim,Chapple,timcha84,Nxp&94jT=2G=
Em MacKall,Em,MacKall,emmac0,11uSfq3(%JO/
Danyette Pittendreigh,Danyette,Pittendreigh,danpit15,q#C7Vce3V((0
Korry Joska,Korry,Joska,korjos1,Zj4h(I)zX45/
Vanya Batting,Vanya,Batting,vanbat81,lI)!m9Qv50H%
Bill Habbin,Bill,Habbin,bilhab67,ND()V6d&xx07
Herbert Eastup,Herbert,Eastup,hereas12,m#I%8/3i8TCk
Laetitia Ferney,Laetitia,Ferney,laefer20,&37HFs=x3O(t
Gabrila Painter,Gabrila,Painter,gabpai74,SOU5&o/5!7jn
Jed Nancekivell,Jed,Nancekivell,jednan71,u!0U)gH5No)5
Kermie Caswall,Kermie,Caswall,kercas34,1U(5cS)q9!Iq
Shana Fordy,Shana,Fordy,shafor20,b(Ib23VM(/9u
Vinni Littler,Vinni,Littler,vinlit54,ea#N1)!R63iR
Maryanna Fortoun,Maryanna,Fortoun,marfor59,S)90d%K#wpR2
Ned Bartolomucci,Ned,Bartolomucci,nedbar50,u31Uo(VKm1%&
Nady Blaxter,Nady,Blaxter,nadbla22,85=P0B#wSl=k
Tiffi Inwood,Tiffi,Inwood,tifinw74,5Gm8J#vXj#=7
Perla Reavell,Perla,Reavell,perrea2,=IVl(zLg14%6
Jerrie Ledgard,Jerrie,Ledgard,jerled84,66ku)1gT!R(N
Janaye Furlonge,Janaye,Furlonge,janfur79,j&r)I2#N4fL3
Abbe Tremble,Abbe,Tremble,abbtre32,)MO&E57hhg#9
Lemmy Chesman,Lemmy,Chesman,lemche96,M)1U6g#z7!fC
Briant Van den Bosch,Briant,Van den Bosch,brivan22,9n#0=WVHn6v)
Tiebout Menault,Tiebout,Menault,tiemen65,Y5Xbe(Py2&)0
Opaline Pimlett,Opaline,Pimlett,opapim25,#8%(wY4lTQo9
Marsh Gawke,Marsh,Gawke,margaw91,hw07/1T)ZF!c
Annabell Steinor,Annabell,Steinor,annste29,Dm#=91p9TP)a
Glennis MacConnell,Glennis,MacConnell,glemac61,4(8&Bt!AWg8k
Berkeley Cordon,Berkeley,Cordon,bercor15,3N)Lp!/9u7Iq
Addi Bowart,Addi,Bowart,addbow29,89kh7sOSA#!)
Bamby MacParlan,Bamby,MacParlan,bammac81,83W=%5Mej&iX
Lonee Sabatier,Lonee,Sabatier,lonsab64,F3m5Ro(&(C7g
Emerson Behnecke,Emerson,Behnecke,emebeh75,W9x#(#U0xRh0
Mitchael Korf,Mitchael,Korf,mitkor58,2R1il%A/9&yF
Gwendolen Pattullo,Gwendolen,Pattullo,gwepat26,D6pQYn77!t=)
Belia Tidbold,Belia,Tidbold,beltid15,Y0R=pw8%G!3r
Deanna Toor,Deanna,Toor,deatoo4,68eLgPE/&b2(
Thorin Alexsandrov,Thorin,Alexsandrov,thoale30,!PoKI&f82/5o
Barclay Eaton,Barclay,Eaton,bareat43,cqu=!6QG4)K1
Christophorus Mougeot,Christophorus,Mougeot,chrmou28,1TjE!C=c8h%3
Laural Bruniges,Laural,Bruniges,laubru26,&M!db96Ab8%N
Elenore Hanburry,Elenore,Hanburry,elehan86,(Qb7H%Sow!12
Adel Mowle,Adel,Mowle,ademow65,smA74F)&7Ek(
Brandice Hacun,Brandice,Hacun,brahac88,3a&Ao#v23R!U
Jewelle Gowrich,Jewelle,Gowrich,jewgow6,#P%6w1t!6fZZ
Cassandre Rosario,Cassandre,Rosario,casros19,b73N2nNV=&a&
Cloris Langmaid,Cloris,Langmaid,clolan54,(L(80k9hsI=S
Babita Hasney,Babita,Hasney,babhas35,oG&Ej%602e)K
Lena Pettit,Lena,Pettit,lenpet77,hrl#WU6B%8/0
Garrot Monk,Garrot,Monk,garmon46,F!wpP=017bJ&
Liz Tatteshall,Liz,Tatteshall,liztat29,#2Wo3A8qb(&P
Sharyl Dradey,Sharyl,Dradey,shadra16,6C)1c&7(JOpq
Thatcher Philipson,Thatcher,Philipson,thaphi77,P/XT0h5(ki/4
Brodie Selvester,Brodie,Selvester,brosel11,PnR2%o7U%8j/
Kristy Staunton,Kristy,Staunton,krista61,HUg(98Gh=e9)
Stephen Exposito,Stephen,Exposito,steexp89,0R9CcHl#5!)e
Ora Savil,Ora,Savil,orasav44,(5!tbRU25v(U
Michaeline Ordemann,Michaeline,Ordemann,micord83,Kt)S8&8X3!lk
Aile Coupland,Aile,Coupland,ailcou28,%d)Kl%ZZ22x4
Jenilee Gini,Jenilee,Gini,jengin74,89%l!B3XQh)b
Ruthe MacCoveney,Ruthe,MacCoveney,rutmac6,I9pY3g/G&0l&
Carmencita Lawson,Carmencita,Lawson,carlaw82,8FPu(y/nI18=
Lock Zarfai,Lock,Zarfai,loczar76,fm/MIw/21Y1=
Emmalyn Vannikov,Emmalyn,Vannikov,emmvan53,)r72MSx!k3T%
Weber Smyth,Weber,Smyth,websmy10,H7Vl10/Z/)cx
Sela Alesio,Sela,Alesio,selale89,p&70j(6&bZWO
Winonah Bauckham,Winonah,Bauckham,winbau92,9(%HzsWb!00T
Filmer Rollins,Filmer,Rollins,filrol19,0Ok&C1)#fI2u
Janot Johnikin,Janot,Johnikin,janjoh26,7O/4e(P/mh2B
Sax Kellet,Sax,Kellet,saxkel53,8q=yxP9VI&&0
Jodie Vine,Jodie,Vine,jodvin78,l)6(o90=PGQf
Archie Biddlestone,Archie,Biddlestone,arcbid44,nE/2qL=F02x!
Nannie Murkitt,Nannie,Murkitt,nanmur27,EQ77%jcd&=X4
Roarke McGillecole,Roarke,McGillecole,roamcg50,95=g9zK&L/Ml
Mechelle Pond-Jones,Mechelle,Pond-Jones,mecpon47,/0/V)Pp2uX7x
Culley Guierre,Culley,Guierre,culgui52,&rB0zB&59sA)
Edie Fermer,Edie,Fermer,edifer19,!rFyI5g!#24C
Kittie Edens,Kittie,Edens,kitede18,RCfO##u!u880
Roxie Greeve,Roxie,Greeve,roxgre69,/EoFc%a531P)
Natividad Casetta,Natividad,Casetta,natcas54,%#yZmn(393LE
Ingaberg Yeoman,Ingaberg,Yeoman,ingyeo66,%B35r%s4M(Rq
Polly Curedale,Polly,Curedale,polcur64,p!V3=Yx46fW=
Lisetta Lesmonde,Lisetta,Lesmonde,lisles64,!G#2eF3Rs1)e
Cosimo Wigley,Cosimo,Wigley,coswig52,QK05#teD/f)7
Janie Dorward,Janie,Dorward,jandor86,j(=baT93X1S(
Nadia Meany,Nadia,Meany,nadmea12,#7AULs!ya63!
Charisse Paudin,Charisse,Paudin,chapau46,aPW8l=%4I7i%
Clint Stellin,Clint,Stellin,cliste53,2!8pZYs9D==x
Randene Palethorpe,Randene,Palethorpe,ranpal82,=0vI6T%&wlI2
Nico Mosten,Nico,Mosten,nicmos83,VYg=6w(I5=7h
Reginauld Mammatt,Reginauld,Mammatt,regmam16,W!m5(s99R=vO
Giacomo O'Carran,Giacomo,O'Carran,giao'c30,==y8p1k)JXS1
Bernette Vergine,Bernette,Vergine,berver46,915s&Bi(HR/k
Casi Golledge,Casi,Golledge,casgol86,!rq3O1T0L!&q
Viola Salter,Viola,Salter,viosal59,TxwS0t(!00E%
Harris Blair,Harris,Blair,harbla14,=(h6E3B9Fze&
Rooney Doolan,Rooney,Doolan,roodoo44,!h!Ay3/I0J6j
Tammy Broomer,Tammy,Broomer,tambro72,J!V&2tq#9fN1
Mehetabel Dearl,Mehetabel,Dearl,mehdea56,N!6h9vGW7(m/
Bil Sijmons,Bil,Sijmons,bilsij87,qAz6R//(6S4e
Omero Hanney,Omero,Hanney,omehan67,5i=L5T#8x!rE
Shari Hannent,Shari,Hannent,shahan67,m(u%gZTU(499
Consalve Cosker,Consalve,Cosker,concos29,=tj2R&7/uN1V
Terrye Championnet,Terrye,Championnet,tercha93,&j8zT!tR%8U5
Merwin Polin,Merwin,Polin,merpol52,9F&7xIp&U4j/
Eugine Vittery,Eugine,Vittery,eugvit82,KQ&alg8/&01R
Felipe Shovelin,Felipe,Shovelin,felsho47,g=TF&2#1n5Rs
Augustine Morteo,Augustine,Morteo,augmor49,qi&4!9BGy0W)
Venus Colegate,Venus,Colegate,vencol76,TM8gR0(2jn&!
Tansy Stearn,Tansy,Stearn,tanste31,(mT%1/1UOvc3
Rog Puckring,Rog,Puckring,rogpuc17,22aL)Sd1Z&v/
Nicole Kuhlen,Nicole,Kuhlen,nickuh66,%zlL(77E1oZ(
Rickert Meads,Rickert,Meads,ricmea50,)45#ihG7M)cD
Sonni Bambridge,Sonni,Bambridge,sonbam28,d%b26lWCN()7
Sky Huzzay,Sky,Huzzay,skyhuz58,/4/7Dh8zlH(L
Erina Ilyushkin,Erina,Ilyushkin,eriily45,9UQ5Cd%n#5r&
Marlowe Haskey,Marlowe,Haskey,marhas92,21b(%qBn%MA0
Elfrida Karmel,Elfrida,Karmel,elfkar66,/P=(V64ogn8N
Ertha Luckin,Ertha,Luckin,ertluc32,D2j11iOJ/s(#
Gawain Cray,Gawain,Cray,gawcra12,!1k=45%RTfvV
Maren McDonogh,Maren,McDonogh,marmcd54,q%(9)8sOFp5Z
Aluin Danielut,Aluin,Danielut,aludan19,Tl)E)ga0(5S2
Babb Setchfield,Babb,Setchfield,babset4,7w1XI9leQ/(%
Joseph Duckerin,Joseph,Duckerin,josduc48,Y3H=Ii3s&4y/
Bria Jennick,Bria,Jennick,brijen31,LN4!2uN)e%l7
Talya Seamans,Talya,Seamans,talsea15,M#!)73ks6GCj
Ole Wootton,Ole,Wootton,olewoo87,X5o&ax7&V/M6
Thom Zannuto,Thom,Zannuto,thozan51,H1#(#t4Q1jrN
Wrennie Monkley,Wrennie,Monkley,wremon95,/&AbyCT2k#19
Monro Kemetz,Monro,Kemetz,monkem88,&8n#O/9HOeg8
Blanche Mattersey,Blanche,Mattersey,blamat52,(8r)GPEe9#1y
Bethena Koeppe,Bethena,Koeppe,betkoe76,H6)&3wn)2mCQ
Andriana Schiell,Andriana,Schiell,andsch72,0IzwxW%(3B=5
Delmor Lednor,Delmor,Lednor,delled99,l/1f5qDWT3)/
Irwinn Frotton,Irwinn,Frotton,irwfro45,Xs87eX#!7Fh(
Renault Bowden,Renault,Bowden,renbow67,#)s4JMO0c&2y
Remington Pumphrey,Remington,Pumphrey,rempum57,w1YRq&/=3F0w
Odelinda Hutcheons,Odelinda,Hutcheons,odehut6,v%xv3Y%97BU(
Veronique Medd,Veronique,Medd,vermed76,Lm0O/z&8O1/w
James Wann,James,Wann,jamwan72,%a2LS!qEe9(1
Phineas Leyburn,Phineas,Leyburn,philey26,AsG2l(1B=0/m
Sibby Allery,Sibby,Allery,siball80,q#M82s&Ab%7K
Galvan Gilardi,Galvan,Gilardi,galgil66,UK%z4v%&Qy35
Welsh Gandley,Welsh,Gandley,welgan21,NT!5r62hv%G%
Ainsley Miner,Ainsley,Miner,ainmin49,1EJ!l/4%6rXi
Philippe Waugh,Philippe,Waugh,phiwau68,z6W=A&y4Y!e5
Hoyt Angood,Hoyt,Angood,hoyang75,a7&%V#eQ4P3h
Jacquetta Selland,Jacquetta,Selland,jacsel64,=kR385P))Fqu
Halsy Scamaden,Halsy,Scamaden,halsca40,9%4tX#Nn#nJ0
Emmie McGonagle,Emmie,McGonagle,emmmcg38,goT/5S/39y/A
Jacintha Bruhnicke,Jacintha,Bruhnicke,jacbru88,Mm=#bw9AZ8)0
Karleen Ibbitson,Karleen,Ibbitson,karibb75,(#AI%8op4T0b
Ursuline Wethered,Ursuline,Wethered,urswet78,8pXb2f)R=9#Z
Clementius Blacklock,Clementius,Blacklock,clebla91,T#lU0D90d!c=
Bennett Welfair,Bennett,Welfair,benwel77,K6/oY9#tgF(8
Morganica Bolton,Morganica,Bolton,morbol48,T9T6#m5yeQ(=
Ethelred Erwin,Ethelred,Erwin,etherw62,V6=2y4#=FnlC
Gweneth Cainey,Gweneth,Cainey,gwecai57,L!oK5tD!4%8s
Melisse Briant,Melisse,Briant,melbri4,3Zc#Ype0!L4#
Jessie McGaugie,Jessie,McGaugie,jesmcg85,7k3YU=F4/vb/
Lucky Lothlorien,Lucky,Lothlorien,luclot98,=/N6WzdSr9(7
Jorry Sivewright,Jorry,Sivewright,jorsiv59,z1i(bN5Q)4U&
Kitty Phittiplace,Kitty,Phittiplace,kitphi76,Id=0C7%9/vWz
Constanta Symones,Constanta,Symones,consym21,&k7ZeX(6Sx8/
Neill Viner,Neill,Viner,neivin22,5f02!Tm%T%dS
Garwin Haseman,Garwin,Haseman,garhas89,K9%6(fh#JeE7
Nelia Lavin,Nelia,Lavin,nellav89,63Djvs)(L5X&
Lazar Winspurr,Lazar,Winspurr,lazwin55,87R=5!OvGa%c
Eveline Lowdeane,Eveline,Lowdeane,evelow22,K6v(5Jw1v%U&
Ervin Johns,Ervin,Johns,ervjoh99,I0#Tf1&Of3%f
Audy Fair,Audy,Fair,audfai97,Mf6!Jm1/2bY%
Olvan Troubridge,Olvan,Troubridge,olvtro81,)Z4/)6NbdaQ7
Genia Creaven,Genia,Creaven,gencre96,(SS45j/!Ble4
Pierce Rollett,Pierce,Rollett,pierol30,)Y/nA0p3=fB6
Shaun Friary,Shaun,Friary,shafri93,)1DzT%2dDd=6
Karlan Cracie,Karlan,Cracie,karcra61,r%6QWj#9Cj9=
Bailey Krzysztofiak,Bailey,Krzysztofiak,baikrz36,E#&C(4fv7rL8
Kalil Dullard,Kalil,Dullard,kaldul9,d(UY9s2wT&5/
Betti Tockell,Betti,Tockell,bettoc56,CY#fy)4o8!5R
Cynthie Fullicks,Cynthie,Fullicks,cynful60,A5lF36(Eg%%k
Mohandas Ruttgers,Mohandas,Ruttgers,mohrut74,Z)0l7pOp1#=U
Ethe Moncaster,Ethe,Moncaster,ethmon62,=M8q#2=W9iQh
Jemmy Ruske,Jemmy,Ruske,jemrus1,n&E78/=O5cTu
Atlante Grundon,Atlante,Grundon,atlgru68,tO0!)4/8IaLk
Colly Mycroft,Colly,Mycroft,colmyc99,9/9I#Ni9nCx/
Clovis Clelle,Clovis,Clelle,clocle30,2%Uu=C4Crm7/
Willi Cossons,Willi,Cossons,wilcos46,1X4w(N)zW0!b
Keen Lettice,Keen,Lettice,keelet74,yS%)7OfKw2=7
Abran Walklot,Abran,Walklot,abrwal95,4#0h9jS(HLy=
Bevon Tacker,Bevon,Tacker,bevtac58,sa7lG%RW!&53
Hilary Dumbrall,Hilary,Dumbrall,hildum78,#6dm&0PDi/K3
Hazel Atkirk,Hazel,Atkirk,hazatk21,bm!7i3/1AL)U
Mohandis Cromwell,Mohandis,Cromwell,mohcro83,6&bmVwD6=#I2
Rina Hoyer,Rina,Hoyer,rinhoy90,57yGY((s1W%p
Zuzana Vannah,Zuzana,Vannah,zuzvan93,5L/#0hj5ERd#
Akim Searchwell,Akim,Searchwell,akisea80,6qKT&7klE(#7
Emmanuel Ingre,Emmanuel,Ingre,emming62,)GRnF24b1j/&
Toddy McGuire,Toddy,McGuire,todmcg67,W7yg28)a/=PE
Allissa Goldfinch,Allissa,Goldfinch,allgol77,9nA77%U=sDy(
Cris Wyer,Cris,Wyer,criwye73,y2AK(K%!6gu8
Zachary Cammoile,Zachary,Cammoile,zaccam44,7sKfGt#%V48(
Abdel Frensch,Abdel,Frensch,abdfre22,xYU/n48=/F6i
Corina Comini,Corina,Comini,corcom2,rOK(d0/0!uK5
Ber Benesevich,Ber,Benesevich,berben80,xZ3e%(46OFd#
Ezmeralda Rigard,Ezmeralda,Rigard,ezmrig55,!(Gw0f4URk4!
Irvin Stowers,Irvin,Stowers,irvsto35,6&F2/qa8%zNW
Robbie Waliszewski,Robbie,Waliszewski,robwal7,#zi5IR8gY8=&
Ivy Callis,Ivy,Callis,ivycal43,3pe#=67AQ(fO
Rose Gourdon,Rose,Gourdon,rosgou94,9&u4!ZgB6lS&
Tuck Oldroyd,Tuck,Oldroyd,tucold97,1/#pv4TFMa3%
Loria Leupold,Loria,Leupold,lorleu13,m!RQ2m!A7/3b
Dasha Spikins,Dasha,Spikins,dasspi39,80QSi(Ctk4#)
Francisca Biss,Francisca,Biss,frabis80,W!%n#k3Q69gW
Benny Cars,Benny,Cars,bencar24,W2B29()Ppzl#
Cello Tomlinson,Cello,Tomlinson,celtom86,JX826Axy((/p
Bartholomew Gymlett,Bartholomew,Gymlett,bargym55,y(1Bxg56&D!E
Shelton Barnett,Shelton,Barnett,shebar52,y03)P5FxUh#(
Bard Quixley,Bard,Quixley,barqui81,0=tbDT8!pA3!
Hamlen Beavis,Hamlen,Beavis,hambea62,S)jHs#%6Nz69
Adelaide Fairfoull,Adelaide,Fairfoull,adefai64,1%IiifR!#D61
Artie Riddle,Artie,Riddle,artrid4,=N&z28Ff6#yU
Lacee Foux,Lacee,Foux,lacfou82,)D2q6Jo/3oM!
Patty Merrick,Patty,Merrick,patmer30,2NFI2#/cd7e!
Raynard Turford,Raynard,Turford,raytur48,/q)1ZRS)9u2q
Tamqrah Kinforth,Tamqrah,Kinforth,tamkin50,/52hxO)%4SWq
Aveline Delgua,Aveline,Delgua,avedel24,e3BK8!=wg/S4
Basilio Neumann,Basilio,Neumann,basneu97,h3&GW7suO3%#
Katuscha Andreia,Katuscha,Andreia,katand50,=cD77b&TP9(l
Caro Ilyasov,Caro,Ilyasov,carily33,1/glL=AB1n4=
Dag Pellew,Dag,Pellew,dagpel9,8qVqI5c=&/4E
Denice Croughan,Denice,Croughan,dencro36,7JE4a7=jX/(v
Wanids Bordes,Wanids,Bordes,wanbor10,p/9%iL!8zV0E
Cordie Giuron,Cordie,Giuron,corgiu43,/nky!&037RAS
Roldan Furnival,Roldan,Furnival,rolfur15,/Hm#!h7L6l6D
Geno Stiegers,Geno,Stiegers,gensti99,BRh/&5e45kQ/
Dugald Randall,Dugald,Randall,dugran15,T6Qyh%#0L5y!
Powell Dishman,Powell,Dishman,powdis12,&I6r9y#)fQS8
Esme Breheny,Esme,Breheny,esmbre77,7sXT)Zu2/1m=
Amara Fletcher,Amara,Fletcher,amafle17,/OT#2i!O6a2i
Calvin Fairlaw,Calvin,Fairlaw,calfai66,kY2!9Qp0y!#M
Kath Emma,Kath,Emma,katemm90,tO!)7/bG15Si
Nickey Chooter,Nickey,Chooter,niccho3,/&(4P1xL8aoT
Uriah Wreak,Uriah,Wreak,uriwre61,#bqAU63)8xE&
Bev Mackerness,Bev,Mackerness,bevmac68,Y0C%N!r(6v4j
Elston Stelfax,Elston,Stelfax,elsste10,CdW9)=dT#9h2
Daniele Kolodziej,Daniele,Kolodziej,dankol0,Q/Maf#&493As
Roanne Hothersall,Roanne,Hothersall,roahot24,gKT)iK7x9#7)
Ceciley Lindstedt,Ceciley,Lindstedt,ceclin83,5rpPBD&0(1=b
Page Verchambre,Page,Verchambre,pagver39,8Y4#FiL!s%0m
Holly Melburg,Holly,Melburg,holmel41,m0T46B)tt&L=
Vidovik Hellier,Vidovik,Hellier,vidhel9,qVS9X(8f#(z8
Sylas Van de Velde,Sylas,Van de Velde,sylvan46,8z!t9D&!0QDp
Willard Tanfield,Willard,Tanfield,wiltan25,(j91TZr=7=Oo
Allis Fearnside,Allis,Fearnside,allfea75,l77/pOp%CR(7
Maighdiln Riccardelli,Maighdiln,Riccardelli,mairic84,YB#&fn9h9A8/
Herve Brimming,Herve,Brimming,herbri92,Os0Lr2)7S=%h
Verna Size,Verna,Size,versiz75,T7)h&/Yty25G
Isadora Preskett,Isadora,Preskett,isapre84,AqT)!6l71H#k
Adham Sanbrook,Adham,Sanbrook,adhsan21,(P8O67nOa=u)
Gabriello Bernette,Gabriello,Bernette,gabber18,(Q1MjP4wj4&(
Ada Murtagh,Ada,Murtagh,adamur36,G9bbhN0V/==3
Mirabella Saveall,Mirabella,Saveall,mirsav68,RcoHt5##G#25
Antonia Rallinshaw,Antonia,Rallinshaw,antral6,MY#v224j(/zV
Marlo Tregea,Marlo,Tregea,martre16,DB)(&3uSps34
Jada Bangs,Jada,Bangs,jadban54,2A9#Q&r#8nFi
Timothee Jude,Timothee,Jude,timjud20,=Ig!2p%vBG62
Bear Niles,Bear,Niles,beanil44,H0)7Bc#=9rqL
Brinna Kender,Brinna,Kender,briken44,p2wu)9H0=CI!
Kelila Prujean,Kelila,Prujean,kelpru20,phU(027(%lTE
Maximo Tyzack,Maximo,Tyzack,maxtyz19,&bE15(M1I=iw
Lane Fowle,Lane,Fowle,lanfow65,%5c!F86pKy(K
Jorrie Morcom,Jorrie,Morcom,jormor52,hD3&&EZ8&h7t
Grata Maffioletti,Grata,Maffioletti,gramaf79,of1V)6m!WX!7
Wrennie Klugman,Wrennie,Klugman,wreklu42,g460R#Or/x)I
Conrado Sheerman,Conrado,Sheerman,conshe65,30FAh!#it5!M
Wilhelmine Popelay,Wilhelmine,Popelay,wilpop41,F#f&4b1Ne=5D
Fayth Polsin,Fayth,Polsin,faypol82,)F7d/YHn57d)
Alexandra Mil,Alexandra,Mil,alemil26,G05r==BGi6q)
Gibby Haws,Gibby,Haws,gibhaw2,5aB9%BWs(6=n
Jehu Martynikhin,Jehu,Martynikhin,jehmar27,Y!=(5SG6taa3
Nikita Clere,Nikita,Clere,nikcle41,o7)e/1XW7#sM
Mignon Muspratt,Mignon,Muspratt,migmus0,3C1C/%4oQa!q
Geraldine Coalburn,Geraldine,Coalburn,gercoa73,Y3Vov#92lJ=)
Amaleta Esom,Amaleta,Esom,amaeso61,43z9E!M!i&Re
Desmund St Ange,Desmund,St Ange,desst 16,=C5#c44!lJCq
Tan Rozet,Tan,Rozet,tanroz27,&=o08zaOG6!G
Jannel Lucian,Jannel,Lucian,janluc71,53oO!M0/Aq#w
Doroteya Liversage,Doroteya,Liversage,dorliv95,c(r1)Y(FsZ34
Phillie Robers,Phillie,Robers,phirob53,!J7Sh/8m4(Bo
Diego Delagnes,Diego,Delagnes,diedel82,5L1&=RC&i1px
Flossy Nockolds,Flossy,Nockolds,flonoc58,g6)&&r1UM4Vp
Selina Sloan,Selina,Sloan,selslo31,(wu9zG%(5L4B
Farlay Itscowics,Farlay,Itscowics,farits18,c1v1kKL#(B)4
Fredrika Mullis,Fredrika,Mullis,fremul11,&3vJb(9Ik%3K
Armando Immings,Armando,Immings,armimm74,6wi(!8R3Sm&C
Talbot Suggitt,Talbot,Suggitt,talsug48,uW1zO&!y)67H
Matti Bereford,Matti,Bereford,matber58,az)%70rVG(L9
Artie Hooks,Artie,Hooks,arthoo65,Qx!&iL312q/K
Peirce Lorenz,Peirce,Lorenz,peilor17,2fGdLo8=%U7&
Heindrick Elliot,Heindrick,Elliot,heiell77,%Pf524)Eui=V
Jocelyn Graveston,Jocelyn,Graveston,jocgra4,i6%9lY/f%C4P
Donny Carrack,Donny,Carrack,doncar88,!p0K!h92!oSW
Dinnie McCrorie,Dinnie,McCrorie,dinmcc99,/E)9p6&Lj2Tb
Nanice Balaison,Nanice,Balaison,nanbal73,/EKT7a98o&f#
Chelsy Devereux,Chelsy,Devereux,chedev3,7=)l1pCPu#8L
Nap Mulliss,Nap,Mulliss,napmul12,W/3u!1U%o3Oc
Marty Scheffel,Marty,Scheffel,marsch14,!Cr!4KXpl7&7
Barbra Warne,Barbra,Warne,barwar82,!%C8)veT63To
Frasier Haddrell,Frasier,Haddrell,frahad90,=Cdj88X%!4Vx
Timmi Veldstra,Timmi,Veldstra,timvel52,8p&F6S!C0o#s
Stacy Brittoner,Stacy,Brittoner,stabri6,j&G121pfRS#)
Laurel Delph,Laurel,Delph,laudel66,qD6l#a7#W8(B
Bab Shawcroft,Bab,Shawcroft,babsha68,UgL%92o%K%1n
Agneta Rosettini,Agneta,Rosettini,agnros78,(E5/ag53Q!Yu
Elyn Bruhnicke,Elyn,Bruhnicke,elybru15,Gn/v=1!Z42dJ
Shell Triner,Shell,Triner,shetri71,iF&3F97)j(Dc
Elihu Sergeaunt,Elihu,Sergeaunt,eliser54,5xJQ=/pD5a2!
Micheal Daniele,Micheal,Daniele,micdan2,)9PbE9q/2iD/
Marthe Robion,Marthe,Robion,marrob27,1g=!A7/Sw0Qz
Michaella Harrild,Michaella,Harrild,michar56,)8jH%s5wW9U)
Magdalene Burtonwood,Magdalene,Burtonwood,magbur1,%5(nX8qJ7K)e
Ichabod Gammade,Ichabod,Gammade,ichgam24,#%17PXi2s)fS
Horatio Fedorski,Horatio,Fedorski,horfed17,UZ4lo2C)(5w&
Georges Roscrigg,Georges,Roscrigg,georos7,(W891!uuCBo&
Marcelline Brehault,Marcelline,Brehault,marbre93,)1N=PUp36#ub
Constantino Chastang,Constantino,Chastang,concha78,QC1P9&%kg1%t
Farrel Iacobassi,Farrel,Iacobassi,fariac92,IPdx(2)8q/5X
Gusty Powles,Gusty,Powles,guspow98,%Ab0pP1Hj(8=
Melisandra McLugaish,Melisandra,McLugaish,melmcl47,tFvFZb=451(/
Fielding Gartrell,Fielding,Gartrell,fiegar77,6x&fU5qI9&#C
Lynn Townsend,Lynn,Townsend,lyntow61,C31#i#2OyU%l
Madelin Streak,Madelin,Streak,madstr37,Rk6XH(!x00&o
Cloe Ciotto,Cloe,Ciotto,clocio12,4ug52N=&!BXa
Nolan Handrok,Nolan,Handrok,nolhan56,!/r5%8KoZ4rM
Royce Sloss,Royce,Sloss,royslo62,93T/LlaAi/6#
Jonathon Dewsbury,Jonathon,Dewsbury,jondew87,(oM3UixS2%!9
Dario Teager,Dario,Teager,dartea89,vE%p/=K96gX1
Noble Virgo,Noble,Virgo,nobvir57,/Bxd83S3mV%/
Madlin Yendle,Madlin,Yendle,madyen56,3/zU)43RK/gr
Jarib Cove,Jarib,Cove,jarcov46,Q=)A2w97Lk!j
Vidovic Kinghorne,Vidovic,Kinghorne,vidkin8,6(tn6AY=&8xN
Rutter Surfleet,Rutter,Surfleet,rutsur93,))K1a89Lkk%G
Adria Folland,Adria,Folland,adrfol57,(k&74raH%TN5
Shelly Bywater,Shelly,Bywater,shebyw41,#0agU&X8#Fs2
Garrot Slinger,Garrot,Slinger,garsli31,T8L!q=r89#Br
Corty Lawles,Corty,Lawles,corlaw77,X8ECy#!2p5)z
Tallie Dallosso,Tallie,Dallosso,taldal80,hRiLP%2!w41%
Jamison Walduck,Jamison,Walduck,jamwal65,&P(#zn61G5Tp
Delmore Syred,Delmore,Syred,delsyr41,mP/28!O0e!cZ
Danny Toogood,Danny,Toogood,dantoo69,s&%1G5gJB4=d
Bevvy Ailward,Bevvy,Ailward,bevail33,3qB&&xw%M45Z
Cass Paschke,Cass,Paschke,caspas94,&I8=&nx8RnK4
Kimberley Drummond,Kimberley,Drummond,kimdru98,mU39(P=7e!sW
Barron La Croce,Barron,La Croce,barla 63,Y8DSen)2o/9#
Peta Ashfold,Peta,Ashfold,petash34,)&8JRtR0lx%3
Phaedra Mussettini,Phaedra,Mussettini,phamus87,mJLt/f#!8U13
Eirena Manvell,Eirena,Manvell,eirman14,/j0&0WG6gwT/
Kimberley Antoniottii,Kimberley,Antoniottii,kimant80,RV%/58(fre2R
Anni Mixworthy,Anni,Mixworthy,annmix48,OC5Ps8!c5==o
Pierette McGlaud,Pierette,McGlaud,piemcg48,f1e5Z)7(VmB)
Bettye Galton,Bettye,Galton,betgal23,0&tT=X1ue%R7
Paulina Wathan,Paulina,Wathan,pauwat53,f21b=jF&D0)R
Patty Nertney,Patty,Nertney,patner19,E8B4T/zt)9&y
Curt Godfree,Curt,Godfree,curgod38,W#8Bq4Ja#&5c
Charlotta Burchatt,Charlotta,Burchatt,chabur59,Vdv)62&0I&Vr
Reginald Menilove,Reginald,Menilove,regmen92,0Xhg#MqG/3=4
Kimmi Poytress,Kimmi,Poytress,kimpoy48,LDd(g/72g7&W
Alla Ramplee,Alla,Ramplee,allram18,N!yj6AgY=7!1
Matthus Orriss,Matthus,Orriss,matorr18,6dJa)92Cr#I%
Celina Laughtisse,Celina,Laughtisse,cellau41,4/Jt#!1DJm7f
Adan Arnely,Adan,Arnely,adaarn94,iYp#1C1&/2vD
Sissy Crutchfield,Sissy,Crutchfield,siscru52,4!x02JV&ap(N
Rae Pendrey,Rae,Pendrey,raepen56,7#f/vV/68hOM
Marmaduke McCarthy,Marmaduke,McCarthy,marmcc59,H#9Icv50#!Bx
Art Truelock,Art,Truelock,arttru80,EV9p)p5!Gh%9
Aubrey Goodwin,Aubrey,Goodwin,aubgoo9,G3T!9zz!!Ju0
Herc McGrill,Herc,McGrill,hermcg15,kO%9o!VY9)h0
Deloris Groundwator,Deloris,Groundwator,delgro29,=Kx#=1Mre6T8
Zaccaria Bergstrand,Zaccaria,Bergstrand,zacber57,z3&L9U7g#F!x
Tomkin Merrywether,Tomkin,Merrywether,tommer7,j(6(II4ul%1Z
Kristina Dowtry,Kristina,Dowtry,kridow76,gL&j2)R#m1O7
Lucie Kofax,Lucie,Kofax,luckof97,%Wyu!/8RCg78
Lucais Sleightholm,Lucais,Sleightholm,lucsle0,B7l0!sX/&J4d
Briney Murfill,Briney,Murfill,brimur43,4&8M4Ga!k=Av
Linzy Collidge,Linzy,Collidge,lincol17,=(r%P6OYku05
Iosep Annies,Iosep,Annies,iosann41,D((6Z00xg)fE
Munmro Woodson,Munmro,Woodson,munwoo73,kr9V(&1jIZ8)
Inge Mayor,Inge,Mayor,ingmay32,9e)Bk4%/0LoW
Katrine Radden,Katrine,Radden,katrad15,H)p!0vY&Gj01
Adrienne Ladds,Adrienne,Ladds,adrlad14,3H5rZ&v/Gs0&
Ileana O'Shevlan,Ileana,O'Shevlan,ileo's96,q8G/7Zmf%(C8
Orazio McGarrity,Orazio,McGarrity,oramcg33,/L28//wp3vHL
Belia Scad,Belia,Scad,belsca41,J998vSy%B#q&
Brendon Seers,Brendon,Seers,bresee9,t7Nz7!=KxV/1
Pascale Tinline,Pascale,Tinline,pastin67,hh44=v6S(FT=
Orran Lympany,Orran,Lympany,orrlym52,U&=0a1XaXe=6
Leonhard Loftie,Leonhard,Loftie,leolof17,J(c4/=JTw2k9
Tarrah MacCaughan,Tarrah,MacCaughan,tarmac82,!AMtt274(%fQ
Kris Cady,Kris,Cady,kricad55,g60=j)E5Cz%P
Alley Bowcock,Alley,Bowcock,allbow85,(FbZt=929l/C
Huntlee Adamovitz,Huntlee,Adamovitz,hunada15,7g8%GgwE=O2!
Winonah Gaspar,Winonah,Gaspar,wingas72,Kre)4wJ&!87X
Kalil Mundwell,Kalil,Mundwell,kalmun5,m)&687LPB(lt
Brandon Shillingford,Brandon,Shillingford,brashi68,)4I=JxE5/r0r
Nicoli McMackin,Nicoli,McMackin,nicmcm96,Bw8&mV44d##C
Sandy Olsson,Sandy,Olsson,sanols34,Q9=u4Re6Zf#!
Roxi Dalston,Roxi,Dalston,roxdal91,8lwx1GZ%2E(#
Niall Scotts,Niall,Scotts,niasco72,#rNEE=8j80o&
Derek Candie,Derek,Candie,dercan84,F!EL5yi3g&/5
Wolfy Charity,Wolfy,Charity,wolcha71,/(HGa!J06c9s
Verge Boshard,Verge,Boshard,verbos38,24g/HFL2i%l&
Marissa Vinas,Marissa,Vinas,marvin12,ic932)J)&QwD
Stacee Cockley,Stacee,Cockley,stacoc76,H76)(nJ=z9Fl
Britt Aldwich,Britt,Aldwich,briald53,F5j&6mO)/Gw5
Jory Jeanet,Jory,Jeanet,jorjea30,273Cpn)&(eXD
Jessy Hurndall,Jessy,Hurndall,jeshur36,!)m55AHL!w1n
Cherice Lintot,Cherice,Lintot,chelin51,4(0LnF)Hei#2
Derwin Collison,Derwin,Collison,dercol33,5J6%rE&Ui&2g
Teresina Husselbee,Teresina,Husselbee,terhus23,7#Pw%0Tz9U%y
Hurleigh Forsdike,Hurleigh,Forsdike,hurfor92,4DF6#v&9lnN&
Egon Whyke,Egon,Whyke,egowhy94,)Qs3w&#Kr21N
Aldo Steggles,Aldo,Steggles,aldste78,l9e2R!=1X!lY
Hannis Speedin,Hannis,Speedin,hanspe54,%o6V6!&c1PbZ
Amabel Bonsey,Amabel,Bonsey,amabon88,!%f2F&e6p5RO
Ulla Bettaney,Ulla,Bettaney,ullbet93,q79f0a#)V)VE
Mychal Dykins,Mychal,Dykins,mycdyk52,8&AXG#wi7=w2
Hart Durrans,Hart,Durrans,hardur83,V%&r1Nre4O5!
Dante Bahls,Dante,Bahls,danbah98,&TJ4tx=(g65W
Drucill Southerell,Drucill,Southerell,drusou18,a9fA5R5#R!%j
Concettina MacEveley,Concettina,MacEveley,conmac67,%LUtEn=(4v96
Julee Stodart,Julee,Stodart,julsto49,/k3e01w)&YSM
Aili Widdup,Aili,Widdup,ailwid34,26akoW%Y&7&B
Linet Fann,Linet,Fann,linfan31,Z=fD206w#a#W
Kristy Sneyd,Kristy,Sneyd,krisne12,47(Q=Ot#Eea6
Sela Hunnicot,Sela,Hunnicot,selhun90,P=Jb4xR52()m
Sally Blaase,Sally,Blaase,salbla70,/3((KZ7xdFg3
Nichole Oles,Nichole,Oles,nicole33,eG3!!My9v9T)
Pieter Mellings,Pieter,Mellings,piemel5,/G3CdOx8u4=#
Teodorico Le Monnier,Teodorico,Le Monnier,teole 41,=nEbE%B7o/85
August Sandells,August,Sandells,augsan73,nB99/o/ZHo0(
Grazia Wilgar,Grazia,Wilgar,grawil98,=VoP9uHq1)!0
Erek Wildber,Erek,Wildber,erewil51,4#)u8j#pQ1YK
Janetta Dalling,Janetta,Dalling,jandal80,r&27oATg&Y=8
Hewie Jikylls,Hewie,Jikylls,hewjik48,37G%1Xfys%I/
Patty Prigg,Patty,Prigg,patpri35,Bl4u()6=0DwL
Heriberto Cawkill,Heriberto,Cawkill,hercaw11,&Y111(j)OlXc
Augustin Raggles,Augustin,Raggles,augrag27,w==3g/TN5D0y
Luelle Carryer,Luelle,Carryer,luecar53,H8(36E(cuXk)
Estel Chattaway,Estel,Chattaway,estcha66,/3O/lp47Fe)D
Tannie Farthin,Tannie,Farthin,tanfar9,=J(2af&pD8S4
Gilberta Worcs,Gilberta,Worcs,gilwor96,nJe8l93N!)#N
Ram Boothman,Ram,Boothman,ramboo80,ki0)yO&M3E5)
Elias Bleything,Elias,Bleything,elible77,OEm%18w2d!%T
Martino Cridland,Martino,Cridland,marcri91,bl9=YVm7=#9G
Cornelius Bursnoll,Cornelius,Bursnoll,corbur27,MxT2vK!9)1(h
Boonie Boughen,Boonie,Boughen,boobou93,a5N58&e%%HcC
Rolfe Casterton,Rolfe,Casterton,rolcas29,=o(1(uAx1HT5
Aldo Kleis,Aldo,Kleis,aldkle41,zat9SA=9!)6T
Trace Franchioni,Trace,Franchioni,trafra34,0zs3/U#VA5#r
Feodora Pridding,Feodora,Pridding,feopri42,0vt!R#K8%xJ4
Chen Prydie,Chen,Prydie,chepry8,U4r6i&1g)T&R
Even Vasler,Even,Vasler,evevas39,r8y%%Kd)J0S1
Temple Scheffel,Temple,Scheffel,temsch59,VCUu6)%p2)5u
Shep Halsted,Shep,Halsted,shehal67,Bv=5=R&8Y1wj
Camala Wessing,Camala,Wessing,camwes58,=FFJ!104rhs/
Cyb Trees,Cyb,Trees,cybtre80,F(kfpA/0/M12
Boyd Aliman,Boyd,Aliman,boyali32,k9#Ve6FeH!2!
Marlo Johanchon,Marlo,Johanchon,marjoh63,)0le5A5IB%%z
Jacinthe O'Corhane,Jacinthe,O'Corhane,jaco'c61,Y(8t3Xs1x/J=
Carmel Jemison,Carmel,Jemison,carjem49,LfF%tc27L)3%
Hestia Crutchfield,Hestia,Crutchfield,hescru65,gV49L/cK0h(=
Karine Oliver,Karine,Oliver,karoli91,/P%89o5%ZTnn
Inesita Rowlands,Inesita,Rowlands,inerow53,6cV!//A16Wwq
Daisy Camelin,Daisy,Camelin,daicam29,EV#f!20p#V9k
Thorstein Tesyro,Thorstein,Tesyro,thotes60,%cR!%k2I47Xf
Prentice Ivanenko,Prentice,Ivanenko,preiva11,Z)1J3/vy2S&o
Caron Pennone,Caron,Pennone,carpen94,55dJtZ)#!bX2
Rina Cust,Rina,Cust,rincus52,h%9y(5F(Y9Wc
Denys Dibbin,Denys,Dibbin,dendib45,=2Q(1#fBMqs1
Mike McGrale,Mike,McGrale,mikmcg8,3!F)eTAh/1j0
Vasili Dillicate,Vasili,Dillicate,vasdil90,5r!ITN=1/4jf
Darlleen Debenham,Darlleen,Debenham,dardeb1,)k(TJ!6U98gq
Nalani Lethley,Nalani,Lethley,nallet28,Rz/t)0pIS)94
Jocko Sulland,Jocko,Sulland,jocsul61,6x)mEhK&K4/8
Katherine Everit,Katherine,Everit,kateve46,R!3(4dZ4s&Zm
Rosa Bonefant,Rosa,Bonefant,rosbon57,uH8vh62#Y=G=
Del Bartosek,Del,Bartosek,delbar64,#U6=cwF7gY=6
Marlee Coverley,Marlee,Coverley,marcov66,x5C!1v=Q&gW7
Rodi Craghead,Rodi,Craghead,rodcra84,38R7MsoR(!t&
Gavan Cudworth,Gavan,Cudworth,gavcud44,%e!7Y(T09Dcw
Merline Kornas,Merline,Kornas,merkor74,Qf(8q=t71K%A
Angelico Spilsbury,Angelico,Spilsbury,angspi63,RR1!=0(7ouCx
Mord Djurkovic,Mord,Djurkovic,mordju14,(/WF!0Q84xdi
Talyah Kidson,Talyah,Kidson,talkid29,s2j37Gv/DX!#
Donnajean Toolin,Donnajean,Toolin,dontoo38,/1Hfb%Z=a8B8
Hettie Infante,Hettie,Infante,hetinf98,2unnYU&V71#/
Reider Shackleton,Reider,Shackleton,reisha49,9nB2=N/zL7/z
Humbert Whitebrook,Humbert,Whitebrook,humwhi60,h!)wyC(6P74G
Dori Jeakins,Dori,Jeakins,dorjea32,NO=p(zM2/d40
Teodora Ekins,Teodora,Ekins,teoeki83,mf#SnDV!7!72
Cairistiona Swanston,Cairistiona,Swanston,caiswa33,m8)bV#/7NQp1
Lindie Elnor,Lindie,Elnor,lineln76,M&VabE12&g7!
Garfield Duinbleton,Garfield,Duinbleton,gardui16,y!D0%YsW25e/
Valentino Gilogly,Valentino,Gilogly,valgil41,mjC!Q9/%V21z
Brooks Winkless,Brooks,Winkless,browin65,%72tEYP(3q!q
Kellby Valentin,Kellby,Valentin,kelval7,1#4UjP3M%r#o
Reece Durdle,Reece,Durdle,reedur76,!36ArFwb9O&(
Gillie Howitt,Gillie,Howitt,gilhow14,9%0&BF2rJyp%
Amity McBrearty,Amity,McBrearty,amimcb22,0BwovBN(3!#8
Courtenay Barford,Courtenay,Barford,coubar46,!b6R3zB&cO3(
Jonas Southorn,Jonas,Southorn,jonsou82,&vAfpW/A3=15
Cloris Menauteau,Cloris,Menauteau,clomen31,T4Q6=Bys=/w0
Ximenes Le Fleming,Ximenes,Le Fleming,ximle 49,j)3Y/%82eCvR
Adan Pappin,Adan,Pappin,adapap13,V1d2t(J!t7%O
Roth Dwine,Roth,Dwine,rotdwi66,I435/l)Qs&Ul
Aggie Tonner,Aggie,Tonner,aggton64,)%i2z&kZX1P2
Finlay Brett,Finlay,Brett,finbre65,cE#85/u%v1LB
Brigida Gianolo,Brigida,Gianolo,brigia6,M&6m58lGeA/%
Kitti Bilovus,Kitti,Bilovus,kitbil93,0wU4n!QgB9%#
Hastie Knights,Hastie,Knights,haskni84,8Ab6JL#r#o6/
Kennith Cottie,Kennith,Cottie,kencot95,WuM7!32n/!dD
Riobard covino,Riobard,covino,riocov74,LEs=(Fc)74d9
Jacintha Llywarch,Jacintha,Llywarch,jaclly79,piP)14wN/=I1
Amalie Prandi,Amalie,Prandi,amapra15,#L4ak9B#9#Ym
Dara Venmore,Dara,Venmore,darven20,DO(uN(j4x1)6
Sharity Simo,Sharity,Simo,shasim8,S#ZDnf718)&r
Tobie Derobert,Tobie,Derobert,tobder46,NA=(7b4e/n3I
Madelle Vidyapin,Madelle,Vidyapin,madvid70,)5TnjnF98&U/
Sammy Tristram,Sammy,Tristram,samtri53,x&96I)UxXy&2
Ring Luddy,Ring,Luddy,rinlud66,(h/14hJ&1DbE
Eimile Morrison,Eimile,Morrison,eimmor61,T52o)i7Nx==O
Fitzgerald Davall,Fitzgerald,Davall,fitdav46,E2kj%iLQ)94!
Herb Frickey,Herb,Frickey,herfri89,1A4&xcgB!K#2
Johna Burgne,Johna,Burgne,johbur85,i3D!h6(HZ)7a
Carma Van De Cappelle,Carma,Van De Cappelle,carvan73,qL39H(g3!l/G
Mildred Deboick,Mildred,Deboick,mildeb84,Q9X#Cih7%)7k
Phyllida Cabbell,Phyllida,Cabbell,phycab15,kg(35&X#SC5j
Barde Hellen,Barde,Hellen,barhel49,K7!L#6)C3wxw
Maurene Chessun,Maurene,Chessun,mauche64,tvh87/RKP!%8
Sherill Greenway,Sherill,Greenway,shegre62,BpIs0c3(O=&2
Kaila McBrearty,Kaila,McBrearty,kaimcb61,Y5)/g!hOO9j4
Chas Mew,Chas,Mew,chamew69,n7(7mN&!0YeA
Orelle Brydone,Orelle,Brydone,orebry84,7(y(7nSy7%PP
Dulcinea Martinat,Dulcinea,Martinat,dulmar14,zF7!Rj71//uE
Consalve Borkett,Consalve,Borkett,conbor69,t)&3IR5rU&0a
Clevey Coules,Clevey,Coules,clecou5,9&/!G7Kh4lzT
Gwenora Raynor,Gwenora,Raynor,gweray70,M#sX6h77/Ur&
Marlo Feedham,Marlo,Feedham,marfee74,pP7=H&Zj6j=8
Barnie Coumbe,Barnie,Coumbe,barcou59,g4F2zT!Yv(#4
Eileen Pedican,Eileen,Pedican,eilped13,30&)Xx#K3Vsy
Rory d'Escoffier,Rory,d'Escoffier,rord'e60,&78=QX8Qk/ya
Dionne Simison,Dionne,Simison,diosim42,!j)GQ44/Nup8
Tremaine Brocklebank,Tremaine,Brocklebank,trebro31,o6(Lc0B(r0S/
Innis Longo,Innis,Longo,innlon45,s((0xPIA39a)
Debee Lowman,Debee,Lowman,deblow59,13i#d/cITN3!
Gretal Ianilli,Gretal,Ianilli,greian82,8I2cwV#)L3)r
Serene Ruckhard,Serene,Ruckhard,serruc2,6/q9qG!)RK9p
Clayborne Le Grove,Clayborne,Le Grove,clale 56,4qd6XGC9h=&)
Mireielle Gormally,Mireielle,Gormally,mirgor14,!d/00R8LSt&f
Merissa Pask,Merissa,Pask,merpas9,T8&i!nG%7p4N
Bartholemy Filyashin,Bartholemy,Filyashin,barfil14,a2D=7g5qN!#Z
Nita Frankling,Nita,Frankling,nitfra91,h0vj(WQ7=0/T
Cassie Dealtry,Cassie,Dealtry,casdea54,0b7HHv7kW=!/
Gilligan McClay,Gilligan,McClay,gilmcc82,Pc&#A48%f3Bd
Cori Botterill,Cori,Botterill,corbot29,!kc#1wXR=V72
Jenilee Romagnosi,Jenilee,Romagnosi,jenrom38,=qU0#&LPb68u
Liane Collier,Liane,Collier,liacol91,6!sCm98Zs=O!
Roley Lanegran,Roley,Lanegran,rollan80,wSu1U=13I=#o
Mellicent Thickpenny,Mellicent,Thickpenny,melthi73,=8#Xg6Ty)v6O
Stefa Burgott,Stefa,Burgott,stebur98,WF8g2#q0&qR=
Muriel McCurdy,Muriel,McCurdy,murmcc70,=Lh31C)%8tEe
Gasper Iremonger,Gasper,Iremonger,gasire93,8TT1=g#1W)lr
Marv McCowan,Marv,McCowan,marmcc73,4Bm0P)X%2c(s
Clementina Rearden,Clementina,Rearden,clerea65,!LX3Unm3g#0#
Katuscha Dimitresco,Katuscha,Dimitresco,katdim22,h&HrWI5!79k&
Ardys Lyven,Ardys,Lyven,ardlyv99,xn5FR&w2=&Z5
Mufi Wapplington,Mufi,Wapplington,mufwap68,)4e#0dQIfB2#
Terrance Ecclestone,Terrance,Ecclestone,terecc35,(=Ih/t5M5Cn7
Andros Justham,Andros,Justham,andjus50,Pq)u84C/Y5t!
Fernando Guarin,Fernando,Guarin,fergua6,%1Ew&tmS03E%
Carley Entreis,Carley,Entreis,carent55,NjT4w%9(m4I&
Sebastien Kirley,Sebastien,Kirley,sebkir75,412!Y(p/DtJq
Rita Crocombe,Rita,Crocombe,ritcro18,44nHB2p()Hl)
Jeanie Deares,Jeanie,Deares,jeadea38,wSv026C/w%#Q
Harwilll Dewhirst,Harwilll,Dewhirst,hardew68,7XSye4(=&Xk6
Kat Randerson,Kat,Randerson,katran32,&8=8PhjTL7)m
Patrizius Hollerin,Patrizius,Hollerin,pathol32,!I)9ZwKh/g42
Hyacintha Mioni,Hyacintha,Mioni,hyamio17,94=2WblP&P(c
Ahmed Bouzan,Ahmed,Bouzan,ahmbou96,o4W=/k6bQ&G6
Milka Foyston,Milka,Foyston,milfoy82,3c%&E9/YesO4
Letta Dominichelli,Letta,Dominichelli,letdom25,a8Be24s!BC(=
Larissa Eckersley,Larissa,Eckersley,lareck56,=swD68=7H%Bg
Jessie Straun,Jessie,Straun,jesstr13,#M5mEv16#Kr)
Lira Larrie,Lira,Larrie,lirlar22,f24bYy5V//Q#
Jacynth Beddoes,Jacynth,Beddoes,jacbed87,8#Id#w7/2pTS
Tomlin Lofty,Tomlin,Lofty,tomlof12,i%uFA9I&32(z
Melony Vannini,Melony,Vannini,melvan48,%3Nwi&U4R1/a
Martyn Powers,Martyn,Powers,marpow2,14k#lF!TU&6n
Pandora MacCarrick,Pandora,MacCarrick,panmac0,Uw=gS=2eU58=
Camila Arger,Camila,Arger,camarg73,Z2Ut1p&nT5=#
Bail Huniwall,Bail,Huniwall,baihun97,5#2pH%!k8SUo
Berrie Messier,Berrie,Messier,bermes21,EtRf#2t#)38N
Gwenny MacCaughey,Gwenny,MacCaughey,gwemac87,2h9/!qVg)7GG
Jonah Bouchier,Jonah,Bouchier,jonbou4,WgoH08/(=8eU
Delmer Laugier,Delmer,Laugier,dellau35,li%w%Z(TP488
Cindi Pease,Cindi,Pease,cinpea98,6A56)da#)GeP
Cass Shepherdson,Cass,Shepherdson,casshe63,bM7y(%6HuU7%
Derrik Sparkwell,Derrik,Sparkwell,derspa36,c7&lJ&Pg0V6!
Marita Normaville,Marita,Normaville,marnor90,QZY&up83o=9!
Marj Beneix,Marj,Beneix,marben22,5!vDs6/0J/bH
Celine Balfe,Celine,Balfe,celbal65,W9usXt7L%!(1
Haskel Caso,Haskel,Caso,hascas30,6H3eO/X&d%z7
Lew Walczak,Lew,Walczak,lewwal89,4YO0k=Jw1!/j
Anastasia Kingcott,Anastasia,Kingcott,anakin95,wP##Iv68=8sK
Urban Durek,Urban,Durek,urbdur40,SdM#gLg7/3/2
Merola Llop,Merola,Llop,merllo17,)c1#/Y0e6SoJ
Standford Barmby,Standford,Barmby,stabar11,=f0VI2vsF/2)
Channa O'Loinn,Channa,O'Loinn,chao'l99,/OO)%1j2c5jW
Laird Ellesworth,Laird,Ellesworth,laiell23,B)&8rq5=KYe3
Tiffani Seath,Tiffani,Seath,tifsea53,(8I5hH/9#fDl
Paula Langsdon,Paula,Langsdon,paulan12,gd(VSl%)5F66
Bartel Tripney,Bartel,Tripney,bartri54,%V1/9%PMujo7
Selinda Screase,Selinda,Screase,selscr35,l%a!U66q9/CX
Cory Eller,Cory,Eller,corell24,15c%(4G%luVY
Tessy Sander,Tessy,Sander,tessan12,Y8i1s&#VnO&8
Oralee Stodd,Oralee,Stodd,orasto39,sG7(45)=iNuQ
Loutitia Geertje,Loutitia,Geertje,lougee4,7Vxoe!6/#7BL
Indira Coutts,Indira,Coutts,indcou39,!mC!(dNC702l
Callie Sager,Callie,Sager,calsag84,=9(%aB3oF1rO
Jess MacCoveney,Jess,MacCoveney,jesmac40,n7Wf%/h1!QU4
Wallas Gandley,Wallas,Gandley,walgan99,7=y7/)eBIf4T
Jacqui Stockow,Jacqui,Stockow,jacsto15,dL)L2z2=Tj0=
Sapphire Rubbens,Sapphire,Rubbens,saprub55,K#2pv&7Q)V6h
Skippie Gowen,Skippie,Gowen,skigow19,5R4Xq1)y)#jK
Lory Fardell,Lory,Fardell,lorfar61,12X!/=oXeLv5
Tristan Blanch,Tristan,Blanch,tribla44,&6Q(ev#E3r3P
Lorianne Jowling,Lorianne,Jowling,lorjow92,Gx!o1r!0J(E5
Rennie Cowdrey,Rennie,Cowdrey,rencow29,SpmEyW7#2(1!
Alissa Hardiker,Alissa,Hardiker,alihar80,#I8q6)#vQ5Ti
Westleigh Heijne,Westleigh,Heijne,weshei21,c0L(O#r(Zr77
Bink Onraet,Bink,Onraet,binonr10,&nm&oA91E6W%
Quintana Strettle,Quintana,Strettle,quistr46,5%lgW(5!Tl0H
Rafi Jewar,Rafi,Jewar,rafjew2,&y2%d9&5IuSJ
Camella McEvoy,Camella,McEvoy,cammce31,9VQ%%d8aSh(1
Sileas Bernot,Sileas,Bernot,silber8,a036rh=SW&D%
Janos Schiersch,Janos,Schiersch,jansch93,t03C!Fr8Pr=!
Danni Brahmer,Danni,Brahmer,danbra91,gU7#7k8PAa/%
Christoph Shakle,Christoph,Shakle,chrsha66,(!ZXzs4!6Mr4
Rona Lavall,Rona,Lavall,ronlav84,&qW7p&6%sX3D
Zebulen Ewert,Zebulen,Ewert,zebewe26,qO#7G=fq82/R
Carola McFetridge,Carola,McFetridge,carmcf97,8jvD3O(Mz)&3
Kiri Ousley,Kiri,Ousley,kirous70,12&vLG%fQj5/
Eldon Eadon,Eldon,Eadon,eldead50,%&dg88XQ/sT9
Gearard Spiaggia,Gearard,Spiaggia,geaspi50,w2R5/8/l%BbL
Adair Campbell-Dunlop,Adair,Campbell-Dunlop,adacam91,r9lT94#%T=gG
Glennis Butler,Glennis,Butler,glebut68,)8nNj/EF%r76
Ashlin Aikett,Ashlin,Aikett,ashaik35,a7e8Jx%4U&%M
Zelig Pascoe,Zelig,Pascoe,zelpas31,&RG=My#51l3j
Warner Dunster,Warner,Dunster,wardun97,&4Qk0/#0fAIo
Aaron Husset,Aaron,Husset,aarhus42,V&c=8he1Z8&Y
Karalynn Dobrovolny,Karalynn,Dobrovolny,kardob53,9k1MGfY=x0!=
Ally O'Sherrin,Ally,O'Sherrin,allo's22,ILm7%g8dE/!2
Gianina Rumble,Gianina,Rumble,giarum36,PE65f7cSf(!&
Derron Shaughnessy,Derron,Shaughnessy,dersha52,L8w(eT0yB4#&
Derron Pitkins,Derron,Pitkins,derpit2,%%#VR04lL0tw
Deane Merredy,Deane,Merredy,deamer10,5/(X0PQ6aan%
Tiffi Goodright,Tiffi,Goodright,tifgoo5,7H8tbT)0Qc%/
Andrus Housecraft,Andrus,Housecraft,andhou23,P)70t/l)8DzJ
Logan Ayerst,Logan,Ayerst,logaye29,0((qk#3N9kNZ
Matti Lamasna,Matti,Lamasna,matlam59,%r6F!3jKn6T!
Westleigh Parren,Westleigh,Parren,wespar36,m!Dv0K#)7Bv9
Godard Crier,Godard,Crier,godcri71,re7/t!5SN%T0
Cynthia Camin,Cynthia,Camin,cyncam74,6T(w%2zl/7WB
Dahlia Tomblings,Dahlia,Tomblings,dahtom38,00sa0=yWI(/D
Isaiah Kubatsch,Isaiah,Kubatsch,isakub70,!7=mB!p9FbF0
Igor Brice,Igor,Brice,igobri10,g(E2J1/7#wRc
Mahala Willan,Mahala,Willan,mahwil80,o1L5ulT4#%&V
Paco Bissill,Paco,Bissill,pacbis75,f7&VAs3&/0yO
Amaleta Maseres,Amaleta,Maseres,amamas85,(VNk8=z63Q=p
Kettie Broadey,Kettie,Broadey,ketbro42,1b(69%eNQI=j
Christyna Isenor,Christyna,Isenor,chrise87,&O1!Y#11lShg
Mordy Giacoppo,Mordy,Giacoppo,morgia87,YL6pj0r!(I=1
Jedidiah Carlisi,Jedidiah,Carlisi,jedcar12,y#/wGQP/q049
Tammy Godrich,Tammy,Godrich,tamgod56,G#AE02!im6h%
Candis Gosart,Candis,Gosart,cangos9,t(g#Lc2S8/O1
Karia Verduin,Karia,Verduin,karver75,gj8t=3O/Z5N(
Jeffry Baggs,Jeffry,Baggs,jefbag5,R)=a72qoQ)5T
Virgina Asaaf,Virgina,Asaaf,virasa16,65(mJgDc5W!)
Nollie Goosey,Nollie,Goosey,nolgoo72,V%&eJ5fx4B/1
Bennett Kops,Bennett,Kops,benkop60,=XwHs498/Sz/
Corrina Lynagh,Corrina,Lynagh,corlyn91,HZp//T8#2ql8
Javier Riddett,Javier,Riddett,javrid14,Pf!%24ykO&5R
Nona Bunclark,Nona,Bunclark,nonbun55,U9b6y(=1K!Ak
Trudi Urridge,Trudi,Urridge,truurr66,6l7#0aN&/sKN
Isiahi Daniello,Isiahi,Daniello,isidan29,f)0/4fPW(7He
Vincents Giacovelli,Vincents,Giacovelli,vingia46,Y/)IwUv42!f3
Ezechiel Vuitte,Ezechiel,Vuitte,ezevui9,2CRBbeh2!)&0
Gilburt Stannion,Gilburt,Stannion,gilsta79,&R=o4rX9d3)I
Reena Ranner,Reena,Ranner,reeran10,i&/p4s1X2(TY
Jolynn Janowski,Jolynn,Janowski,joljan47,!(hk1wZH#95C
Davine Strivens,Davine,Strivens,davstr86,Nt4ugG=0!L8/
Franzen Weyland,Franzen,Weyland,frawey58,#E7&mOhQ)3v2
Yvon Markl,Yvon,Markl,yvomar16,4)i#&W0kQuC9
Sollie Franzolini,Sollie,Franzolini,solfra63,P%)d31wJ&7Ux
Berny Dust,Berny,Dust,berdus82,)&UU9f16(Edr
Ebenezer Hadfield,Ebenezer,Hadfield,ebehad38,!)O5#nH9rVn0
Robin Lindblad,Robin,Lindblad,roblin66,Ij701&)J#jFc
Iseabal Mackstead,Iseabal,Mackstead,isemac25,9t!m(8BJe5K)
Minetta Dur,Minetta,Dur,mindur96,NR!xl&3T16&o
Hanan Perello,Hanan,Perello,hanper58,4aT97M%l#lS(
Winnie Danniell,Winnie,Danniell,windan99,eV26!&d(Ia1E
Loree Canton,Loree,Canton,lorcan35,DN&74r/(Jmg5
Leonanie Chazotte,Leonanie,Chazotte,leocha65,!w4w1(OP9&jE
Danna Suckling,Danna,Suckling,dansuc47,eYg8)G2q=(1V
Rabbi Speariett,Rabbi,Speariett,rabspe49,u5mu&%M#4IH7
Matthiew Markson,Matthiew,Markson,matmar98,//lL860GlTs(
Patric Vokins,Patric,Vokins,patvok97,dE3T!5xp##L0
Salvidor Shulem,Salvidor,Shulem,salshu2,/C)e8J8%5tfK
Ranique Joannidi,Ranique,Joannidi,ranjoa86,1Z81&#Mk#oHv
Sheridan Wyson,Sheridan,Wyson,shewys40,gQC%B%/16j9v
Angelique Enrigo,Angelique,Enrigo,angenr1,zS1#(R%fg53S
Billy Foulkes,Billy,Foulkes,bilfou27,9#/5pKaY0#rF
Edd McGraith,Edd,McGraith,eddmcg65,hX0)3#lMd4(L
Neron Betun,Neron,Betun,nerbet44,03Sz6cD(&vJ)
Grady Corser,Grady,Corser,gracor4,uWe/yV=8(7V0
Nellie de Leon,Nellie,de Leon,nelde 61,jZ#=7n!h17ZD
Gerick Valentetti,Gerick,Valentetti,gerval51,)jR4=14MuuT)
Lindie Schust,Lindie,Schust,linsch62,Rc8&ewAJ8#&9
Ines Ivashkov,Ines,Ivashkov,ineiva44,8E3H&!(Jsfc6
Giuseppe Zecchii,Giuseppe,Zecchii,giuzec83,%4YNt4&3r#yN
Aliza Wormell,Aliza,Wormell,aliwor51,Pzw()37&IhA6
Vin Liverseege,Vin,Liverseege,vinliv73,5u0oI7Qv=X#)
Fayre Dee,Fayre,Dee,faydee34,0Bf&)hrQ9G7)
Mac Wrankmore,Mac,Wrankmore,macwra68,G5kO=t!m7&M7
Noelle MacTrustam,Noelle,MacTrustam,noemac6,kJyW0#I7(%v3
Kimbell Wapplington,Kimbell,Wapplington,kimwap6,OH/g0R04o&z(
Mella Feveryear,Mella,Feveryear,melfev21,/q2)ODK8q1(a
Chrystel Bromidge,Chrystel,Bromidge,chrbro63,)ck)N8Y0d8M%
Masha Stonham,Masha,Stonham,massto28,Jsg=920M!Hb%
Hall Dohr,Hall,Dohr,haldoh96,y9E)&k88Pw%J
Urbano Clows,Urbano,Clows,urbclo9,d78H)#(UNa2w
Irvin Cramphorn,Irvin,Cramphorn,irvcra57,I!#S)h3nb1B7
Adamo Magauran,Adamo,Magauran,adamag97,U%1!!e1YnxI0
Marietta Dallan,Marietta,Dallan,mardal91,#34R7)Gwu&oU
Ingemar Canland,Ingemar,Canland,ingcan42,d2Ej!7C%I5i#
Salomi Noden,Salomi,Noden,salnod59,HNT%w!4di4/6
Bernardine Betchley,Bernardine,Betchley,berbet62,1RTF&en5&2)b
Elly Eger,Elly,Eger,ellege0,7#(frXIM53y#
Isaiah Fomichyov,Isaiah,Fomichyov,isafom0,NiKL9i2)4v&)
Brucie Routley,Brucie,Routley,brurou20,Te=M46H2%rw(
Valentia Risebarer,Valentia,Risebarer,valris3,/dF10Sb9!aJ%
Shauna Machent,Shauna,Machent,shamac89,E#AMw=(5ng51
Magdalen Adey,Magdalen,Adey,magade40,9k%d6=m!MLL4
Benedick Savin,Benedick,Savin,bensav36,&PXi14q&o3)D
Molli Worboys,Molli,Worboys,molwor49,!W0t5&zAQ8z(
Milo Lewsie,Milo,Lewsie,millew27,Sv4=%m3x=H6U
Lara Rebeiro,Lara,Rebeiro,larreb88,F!l!Ei89#Q3a
Zoe Krier,Zoe,Krier,zoekri88,bad477KM()=P
Vernon Lorkings,Vernon,Lorkings,verlor23,SW1x%6P=s=k9
Starlene Durant,Starlene,Durant,stadur63,/Vs)k%505JJo
Agnesse Osband,Agnesse,Osband,agnosb77,z3/%S1u/aWP1
Minette McElvogue,Minette,McElvogue,minmce19,#c!3C!g73iXP
Sawyer Reuss,Sawyer,Reuss,sawreu60,o59)i6!FL/Qe
Nancie Phuprate,Nancie,Phuprate,nanphu67,PA4#&gs!2b0F
Greggory Moody,Greggory,Moody,gremoo80,q31qBJ%3#j!X
Christalle Rumbelow,Christalle,Rumbelow,chrrum71,D(944vM=p=Og
Karlens Mechan,Karlens,Mechan,karmec33,4#bOfNX(i57=
Brittani Brucker,Brittani,Brucker,bribru95,x1Tr&76c/GL&
Ahmed Hearnden,Ahmed,Hearnden,ahmhea6,q%aTVJb62&0&
Farleigh Gainsburgh,Farleigh,Gainsburgh,fargai99,2K!uI!apP88=
Karla Quenell,Karla,Quenell,karque0,LT#1ii3J=%l3
Aksel Geram,Aksel,Geram,aksger39,M%6!FO(n2k7x
Isabel Hain,Isabel,Hain,isahai45,9aVy%u#O#36I
Giffie Kuhnhardt,Giffie,Kuhnhardt,gifkuh75,15hEYlJ!i8(/
Dario Discombe,Dario,Discombe,dardis78,)%Y0xag9FG(8
Greggory Livock,Greggory,Livock,greliv67,(dt&V=900AXc
Marshal Gladdis,Marshal,Gladdis,margla9
